user_id,name,email,street,city,state,join_date,balance
user_d14d49ba,Colin Williams,butlerlaura@example.net,64318 Jack Plains,North Laurie,GA,2022-10-27,257.5
user_c8e516a9,Karen Spencer,pobrien@example.com,197 Frank Parks,Joshuaside,MO,2024-01-22,259.53
user_2999abdc,Dr. Jamie Mays MD,sandovalbeth@example.net,8766 Banks Skyway Apt. 786,Stacyview,AK,2024-07-14,312.48
user_ed21bf23,Michelle Diaz,cathyvelasquez@example.org,090 Todd Park,Andrewsport,NC,2022-07-20,449.08
user_8c17bc0b,Wesley Sellers,vincent91@example.net,6284 Jessica Divide Apt. 164,Mcdanielland,MT,2022-12-28,404.58
user_b6f0e319,Jeffrey Huff,zbrown@example.com,843 Mark Islands,Nicolashaven,MS,2023-11-25,288.6
user_310d8601,Jacob Brown,jmoore@example.net,1617 Stewart Estate Apt. 772,Mariamouth,FL,2024-08-11,269.86
user_a0ac281c,Sara Parks,pcarson@example.com,57130 Martinez Inlet Suite 363,West Melissabury,SD,2025-07-19,292.89
user_70f86508,Kathleen Moore,floresjanet@example.net,017 April Hills,Katherinefurt,NE,2022-07-15,149.26
user_e6bf367f,Jamie Hunt,yhicks@example.net,8838 Michael Key,Ericland,MP,2021-01-08,433.89
user_c85c27f3,Robert Bender,richardsonian@example.com,13828 Taylor Lodge Suite 086,Port James,WI,2024-04-29,350.62
user_dc90e853,Carl Sullivan,zschmitt@example.com,372 Crawford Islands,Lake Sarafurt,FM,2020-12-01,185.99
user_a0f3111d,Sarah Payne,davisjacob@example.org,677 Kenneth Passage Suite 462,South Andrew,MN,2021-12-15,171.87
user_a7341b87,Kelsey Howell,bradley73@example.net,82141 Travis Shores Apt. 466,Danielleborough,DE,2023-08-18,183.06
user_3d2bd85f,Joseph Garrett,gdavis@example.com,03324 Michelle Streets,East Jacquelinemouth,MD,2021-11-30,112.17
user_f4f99f2e,Tammy Smith,amanda12@example.org,02516 Debra Point Apt. 906,Port Briannaville,VA,2021-12-18,138.35
user_bdd09c1b,Sean Graham,xschwartz@example.org,77406 Chapman Bypass,Rodriguezborough,MP,2022-11-10,299.15
user_5a56d213,Michael Roberson,lorimyers@example.com,24540 Powell Shore Suite 860,Jimeneztown,WI,2024-11-27,420.75
user_318156eb,Robert Moore,mike23@example.com,42382 Bartlett Harbor,Baldwinside,ND,2021-07-30,316.92
user_a16b92ef,Zachary Foster,burtonmichael@example.com,2748 Smith Unions Suite 012,East Jenniferstad,MA,2025-03-15,328.35
user_569fcb9f,Richard Cooper,norrisjavier@example.com,1523 Kimberly Row,Port Gregoryburgh,MD,2025-03-02,168.12
user_f300a35b,Vincent Meadows,hshaffer@example.com,7003 Olivia Manors,Lake Scottview,GU,2025-02-23,9.4
user_25cb2a01,Lindsey Barrera,keith20@example.com,0208 Julian Bypass Suite 439,Lake Michael,PW,2022-06-04,487.15
user_d757ff8b,Crystal Williams,kenneth44@example.com,30169 Lindsey Lakes Suite 729,Williamsville,NE,2023-02-08,67.04
user_6175c740,Michael Riggs,andre99@example.com,283 Young Well,North Becky,OK,2022-10-12,56.34
user_0a135ae8,Andrea Owens,jamiegreene@example.com,87639 Willie Route Suite 733,South Allison,FM,2025-09-02,411.27
user_37c157d2,Steven Gonzalez,garcianicole@example.net,118 Andrews Village Apt. 054,Jacquelinehaven,KY,2023-12-02,254.27
user_95777dbc,Jessica Johnston,conniecoleman@example.com,7914 Robert Walks Apt. 220,West Lisaside,UT,2023-09-26,391.33
user_975b3bfe,Bryce Clark,victoria81@example.com,4235 Brett Course Suite 879,New Hayden,MD,2025-02-11,153.66
user_8adf256d,Jason Lee,adam90@example.net,884 Christopher Drives,Millerside,VA,2024-12-23,439.39
user_d427f045,James Peterson,obarnes@example.net,2241 Daniel Pine Apt. 311,Peterchester,LA,2020-11-23,10.71
user_2bb7a51f,Jaclyn Alexander,whitethomas@example.net,5949 Anthony Junctions Apt. 165,Lake Scottmouth,TX,2022-06-25,213.42
user_34b7ec93,Sharon Vargas,alyssa47@example.org,2325 Brooke Motorway,West Erinton,CT,2022-05-05,455.94
user_412e65fa,Adam Martinez,chapmanjohn@example.org,212 Beth Valleys,Johnsonport,AS,2022-06-08,285.38
user_715eff5d,Barbara Torres,robersoncarrie@example.net,9813 Aaron Flats,Danieltown,NC,2022-04-09,292.11
user_f93a9923,Angela Ramirez,christianhartman@example.com,9327 Anita Ridge,Lake Christopher,IN,2020-11-18,322.21
user_107b739b,Jennifer Moore,melissa75@example.com,07616 Matthew Drive Suite 257,Port Robertfurt,ND,2024-02-29,120.47
user_083db76f,Brian Mcclure,jayrice@example.org,6598 Sheryl Rest Suite 124,Calebborough,WI,2022-10-17,247.27
user_45b3122b,Maurice Wilson,ramirezmelissa@example.com,8428 Philip Forges Suite 925,West Laurie,ND,2022-09-06,383.81
user_2b429a59,Sabrina Hart,melissa63@example.net,102 Emma Centers Suite 259,South Katie,TN,2022-07-27,409.55
user_41f81346,Thomas Wilson,bmcdonald@example.org,31158 Diane Via,Dixonburgh,MD,2022-08-14,298.57
user_783af5f7,Brad Lopez,gguerra@example.org,20930 Angela Unions,South Thomas,VI,2020-11-04,297.51
user_fabf43c0,Jennifer Mills,courtney28@example.com,2070 Claudia Shore,Hoffmanberg,ME,2024-02-17,460.02
user_7e762062,Andrew Hood,jason82@example.net,315 David Inlet,Jameston,GA,2024-04-19,229.93
user_43c7b010,Jessica Dunn,jvazquez@example.com,97007 Matthew Track,Patrickton,MD,2020-11-20,183.39
user_3d01aae3,Preston Reed,gonzalezdavid@example.net,1618 Jesus Heights Suite 411,New Debra,OR,2022-05-18,299.84
user_e893e4ee,Joy Hall,patricklewis@example.org,4988 Hubbard Fork,Mayburgh,MA,2024-09-23,113.37
user_52ffb17a,Austin Smith,ostone@example.net,1819 Torres Glens,Banksberg,CO,2023-12-04,28.5
user_34a79963,William Stevens,williamsbrian@example.net,134 Christopher Mall Suite 535,Port Emilyburgh,OH,2023-09-28,45.42
user_fe56f443,Victoria Blankenship,imiller@example.net,373 Emily Isle Apt. 960,Lake Sarahborough,NJ,2022-02-13,77.16
user_25c7ca69,Jessica Gutierrez,dominguezjanet@example.net,65911 Lawrence Unions Suite 936,Lake Thomasville,FM,2021-06-25,128.03
user_55fb1e0c,Robert Potts,adamskristine@example.com,70022 Logan Village Apt. 172,Bradleyland,PW,2020-11-24,57.78
user_8f4c8fb1,Scott Martin,jeffrey26@example.net,35575 Samantha Summit Suite 802,Wilsonport,DE,2023-01-21,368.71
user_69e24f0b,Jeremy Davis,donald10@example.org,00327 Mason Stream,Derekburgh,SD,2021-09-02,324.54
user_efbff446,Debbie Mendoza,fbutler@example.com,62053 Holloway Circles Apt. 043,Sophiabury,TN,2020-11-27,450.6
user_894bbc47,Katie Hayes,wmiles@example.com,12446 Ariel Mews,Lake Nancytown,OH,2025-08-17,56.21
user_f6a3219c,Ellen Gibbs,herreratim@example.com,1116 Price Road Suite 538,West Sandrafort,WA,2023-06-23,428.94
user_11e23254,Robert Nguyen,ronnieguerra@example.net,35605 Sharp Squares,Wendyton,CO,2024-02-25,276.37
user_8dc6876d,Richard Wilson,codycabrera@example.org,3935 Jon Park,Port Amy,DC,2024-08-15,439.53
user_3a2ad0fa,Andrea Ochoa,samantha60@example.com,665 Taylor Forks Apt. 836,New Rebeccafort,NC,2022-11-08,119.84
user_76d4a653,Nicholas Rose,steeleedward@example.org,62274 Allen Roads,Lake Michelle,NM,2021-01-03,127.6
user_cace5d4e,Sandra Wright,ulynch@example.com,4104 Debra Curve,Espinozastad,VA,2021-10-23,229.3
user_673c90c0,Michael Moore,rwilliams@example.net,52642 Travis Mountain,North Tonyaton,PR,2021-07-20,81.1
user_80b5e25c,Lisa Garcia,spencerjohnny@example.org,577 Green Key,South Daniel,GU,2024-06-19,409.7
user_9c4c80d0,Aaron Dennis,townsenddavid@example.org,134 Sarah Crossroad,Port Charlesmouth,OR,2025-04-16,146.55
user_a581d769,Tyler Clarke,jwright@example.net,796 Mercado Flat Apt. 689,South Patrick,DC,2023-11-02,151.29
user_8616619b,Deanna Bryant,holly07@example.org,25223 Jefferson Causeway,Lisaport,IN,2024-12-09,382.37
user_9122a9e2,Amanda Whitehead,qobrien@example.com,6875 Walsh Place,Lake Tracy,WI,2024-11-15,469.98
user_b0bf6339,Jerry Hamilton,matthew48@example.net,10903 Tristan Prairie Suite 977,Robinsonbury,GA,2021-07-27,387.7
user_a09e5f26,Tonya Hays,macdonaldtina@example.org,09774 Madison Way Suite 967,Russellberg,NH,2024-07-22,137.45
user_b5bbbf92,Heather Garcia,ukent@example.net,604 Robert Pine,New Denise,MP,2024-09-27,285.87
user_75b7981d,Suzanne Wagner,lwilliams@example.net,619 Lopez Loaf Apt. 500,Beckshire,ND,2022-05-06,261.35
user_7fc913c6,Chelsea Gibson,wendy42@example.org,78748 Dale Light Apt. 752,Suarezville,LA,2025-06-12,3.07
user_396fc424,Angela Miller,alexanderterry@example.org,896 Tara Squares Suite 381,West Nicole,FL,2024-01-27,65.71
user_577e556a,Elizabeth Gregory,robertsoncatherine@example.org,9777 Gabriela Highway,South Samanthaside,MS,2023-08-24,416.58
user_222b0dfa,Laura Jenkins,yhart@example.com,022 Nicole Prairie,Lake Rebeccashire,WA,2025-01-21,239.0
user_554ccc4e,John Adams,tstevens@example.com,7114 Lawson Bypass Apt. 013,Jonland,MS,2021-05-13,263.17
user_2f8c1479,Regina Haney,lopezsharon@example.com,7238 Holloway Junction Apt. 873,Perrymouth,OH,2024-01-14,185.1
user_c9f2836d,Jasmine Vance,dbailey@example.net,560 Chad Villages Suite 141,Lake Jamieton,NV,2023-12-23,308.78
user_a2238633,Andrew Collins,peter40@example.net,73482 Howard Garden Apt. 265,West Colleenview,ND,2024-04-18,8.29
user_8d381ce0,Dr. Laura Jones,christopher80@example.net,28237 Shawn Camp,Port Troy,WI,2024-07-12,255.93
user_e57d9ee6,Amy Doyle,fwood@example.org,811 Gardner Divide Apt. 228,Brennanton,KY,2023-05-04,24.7
user_19dbc96e,Karen Jones,mooreanthony@example.org,343 Lewis Dale,Port James,NC,2024-03-06,478.43
user_13c817c4,Rodney Maldonado,randallpatricia@example.net,6016 Cohen Keys Apt. 256,Lake Adam,KY,2024-03-11,95.96
user_c0c3e329,Barbara Romero,danielgonzalez@example.net,7747 Timothy Trail Suite 949,Bryantberg,MD,2023-02-17,285.29
user_bb2c746a,Trevor Douglas,abigailweiss@example.net,38581 Simpson Spur Apt. 186,North Huntershire,WA,2023-07-09,429.46
user_c0227cf7,Roger Jones,dcox@example.com,824 Sanders Port,West Steven,IA,2021-09-19,217.44
user_88d94f4d,Cody Ayala,franceskim@example.org,60765 Howell Square Suite 154,South Lisa,VT,2021-06-28,391.16
user_ee975e99,Benjamin Jefferson,marymartinez@example.net,925 Wyatt Isle Suite 615,North Christine,OH,2025-03-07,152.22
user_ec82b38e,Donald Brown,kenneth08@example.net,0693 Edward Trail,North Gregoryfort,RI,2023-07-20,122.36
user_9c8ab32d,Jennifer Gomez,evanpena@example.net,37127 Robert Loop,South Heidihaven,MS,2023-03-31,388.83
user_d88df8ba,Henry Liu,mathewsjohn@example.com,3928 Butler Terrace,New Jenniferville,MT,2024-02-05,325.17
user_17f3661f,Kimberly Morris,tcastro@example.net,404 Mary Court Apt. 459,Meghanborough,WI,2023-02-20,127.12
user_89875a87,Virginia Chambers,kimberly32@example.net,74600 Melissa Course Apt. 168,West Deborahview,WA,2024-04-19,141.65
user_6cb27f54,Madeline Simpson,johnjuarez@example.net,37685 Lopez Station Apt. 044,North Jerryfort,GU,2025-04-29,132.03
user_bdf21cc6,Scott Murillo,tcarey@example.net,3905 Mackenzie Ferry Apt. 911,Meyershaven,VI,2023-01-22,138.12
user_48a79050,David Hurley,cromero@example.net,053 Howard Rapid,Amymouth,MO,2023-10-19,109.76
user_a0a9f1e7,Shirley Thompson,mooresteven@example.org,5646 Christopher Extension,New Elizabethberg,AL,2025-04-27,242.59
user_91aeb6cc,Betty Haney,pgreen@example.org,587 Keith Avenue Apt. 150,Martinezport,NE,2024-06-25,488.4
user_c624254e,Michelle Martinez,andersonanne@example.org,37618 Paige Isle,Nelsonhaven,WA,2020-11-28,355.17
user_17bb6928,Emily Green,elizabeth06@example.org,31265 Anthony Square Apt. 711,Christopherchester,LA,2021-01-25,201.24
user_846cbb2b,Kyle Johnson,timothywall@example.org,17450 Hannah Flat Apt. 554,Washingtonville,ME,2020-11-30,21.35
user_e6b8d279,Justin Wise,peterburns@example.com,9539 Richard Lake,South Georgeland,KS,2023-02-10,479.7
user_08f79db3,Anthony Lowery,danielle95@example.org,816 Gutierrez Drive,Port Jeremyport,OR,2024-11-19,387.04
user_4cdd11d9,Hannah Decker,gaymegan@example.com,7191 David Well Suite 514,North Logan,MN,2025-02-04,100.06
user_710567eb,Melissa Welch,stephanie25@example.net,87057 Mark Harbor,Lake Cristinafurt,IA,2023-11-28,379.76
user_a628b859,Lisa Bates,hayden52@example.com,4188 King Square,West Sarah,SC,2021-03-08,127.74
user_b632ca38,Samantha Liu,andrew93@example.com,231 Williams View Suite 627,Port Stevenmouth,NH,2023-10-18,133.26
user_f87bcf54,Timothy Mcdaniel,sarawatson@example.net,34541 John Land Suite 900,Fisherhaven,KS,2021-04-19,234.26
user_c2fe6eee,Todd Copeland,chelsea46@example.net,372 Elizabeth Haven Apt. 174,Richardsonmouth,NJ,2021-12-03,488.52
user_8bff8506,Miranda Reyes,perkinsruth@example.com,28660 Amy Fort Apt. 678,New Courtneyside,NH,2021-11-15,221.79
user_37fc7f96,Paul Gibson,debraperez@example.net,56197 Ramirez Corner,Andrewsfurt,PA,2024-05-22,11.84
user_3340d054,Claudia Hahn,williamknight@example.net,35516 Rodriguez Park,East Lindseyville,MA,2024-01-15,286.09
user_1194d4df,Samantha Moore,maysamuel@example.net,97589 Suarez Trafficway,Markmouth,DE,2024-10-13,154.45
user_011053e3,James Mendoza,alexis30@example.net,0435 Felicia Locks,South Kimberlymouth,NM,2025-08-09,474.86
user_bf63bf26,Tammy Lee,mnelson@example.net,164 Smith Mountains Apt. 795,Aaronhaven,NM,2024-08-07,159.15
user_5c299aa7,Mrs. Jamie Miranda,brandongarcia@example.com,62533 Lewis Walks,West Jill,WV,2021-07-06,275.8
user_5c8fad6f,Michael Mcmillan,dgarcia@example.com,3486 Erin Cape,Port Kevinburgh,MO,2021-07-19,250.01
user_9621ea08,Kimberly Weaver,wadkins@example.net,53054 Terrence Point Apt. 957,Georgeton,DC,2021-08-13,139.97
user_1912fb45,Brenda Fox,david86@example.org,7484 Ramirez Branch Apt. 289,New Rebeccafort,NE,2023-10-29,244.81
user_f0d346f7,Michael Morris,choichristopher@example.net,368 Corey Trafficway,Taylorview,PW,2023-04-22,53.96
user_d7e6aaa8,Breanna Davis,aaron13@example.com,064 Williamson Bridge Suite 211,Haleytown,MO,2024-01-08,396.29
user_15522ab6,Nathaniel Moore,barnesmichael@example.com,914 Sanchez Mall Suite 695,East Hannah,MP,2023-06-17,432.53
user_e5b9a145,Jessica Cowan,xrobinson@example.org,554 Maria Squares,Sharpland,VA,2022-08-18,286.48
user_8c73298e,William Clements,alexandra06@example.com,259 Nicholas Cliff,Pattersonhaven,TN,2021-02-06,274.33
user_be84c8fe,Randall Lee,kevin38@example.net,0908 Anderson Wall Apt. 326,West Wendy,WV,2025-03-16,332.19
user_fb59d314,Troy Webster,kyle96@example.net,278 Sims Garden Suite 628,West Edward,AK,2025-04-13,165.29
user_8e486590,Luis Miller,sherihampton@example.org,137 Scott Way Apt. 231,West Valerieborough,KS,2024-05-14,480.63
user_d65ec3b3,Kelly Moore,randall33@example.org,108 Knox Mill,Kevinchester,MH,2022-12-29,47.58
user_c0ff455e,Marc Adams,iblackburn@example.net,481 Brian Tunnel Apt. 483,North George,MA,2021-11-11,320.06
user_7ecc3592,Tracy Meyer,westandrew@example.net,032 Guzman Bypass,Lake Brandon,NE,2020-10-31,78.89
user_7bb1ddac,Marcus White,christopher77@example.org,9244 Baird Crest,New Maryton,OH,2025-08-20,249.82
user_0b73da62,Stephanie Taylor,brandi49@example.com,453 Hernandez Wells Apt. 249,Port Michelleland,ID,2024-12-04,151.55
user_0ef3611f,Mr. Christopher Drake,mbrown@example.org,9641 Joseph Landing Apt. 609,Cookhaven,PW,2023-02-05,237.54
user_21e62890,Brian Burns,joel36@example.net,03331 Melissa Tunnel,Rodriguezland,GU,2022-11-04,363.63
user_f88e150f,Margaret Vaughn,sleon@example.org,2306 Thomas Spur,Meadowsville,NM,2025-06-27,293.07
user_8d76e47d,Linda Valdez,georgewaters@example.org,33974 Brendan Bypass,Jessicafurt,AR,2024-06-15,368.67
user_7ddef1d2,Jesse Bowman,williemoss@example.com,734 Douglas Crest Apt. 275,East Thomas,VA,2022-08-02,353.24
user_1425d5ae,Billy Peterson,odavidson@example.net,5365 Johnson Manor Suite 993,Katherineport,NE,2025-06-08,446.63
user_24576c53,Dennis Fisher,xlamb@example.org,51338 Stephen Centers,New Kyleport,AK,2022-04-16,475.28
user_712ef807,Michelle Cunningham,nelsonjessica@example.net,6130 Morgan Point,North Ricky,AK,2023-11-22,243.19
user_94c8a7aa,Gregory Johnson,lwright@example.net,9973 Elizabeth Branch,Angelfort,KY,2021-09-07,491.44
user_ddcefcd2,Christopher Shaffer,hernandezgary@example.org,705 Jeffrey Trail Apt. 838,Mathewsland,DE,2022-03-05,309.29
user_608151f5,Angelica Powell,nroberts@example.net,552 Martin Port,Rayport,MP,2025-07-20,453.68
user_df72a397,Amy Rodriguez,taylorcamacho@example.org,67860 David Field,Lake Thomasborough,NJ,2023-01-12,256.26
user_14bf7791,Anthony Jones,lucasmiller@example.org,280 Roy Tunnel,West Anthonyshire,ME,2024-05-31,70.93
user_c1989e79,Katherine Marsh,imiller@example.com,67402 Sandoval Via Apt. 116,Saraland,VI,2021-09-20,355.4
user_7bc84333,Nathan Carr,choitammy@example.com,6390 Henry Mission Apt. 852,East Robert,AK,2025-09-13,54.17
user_a66574b1,Robert Nguyen,ysmith@example.com,8012 Johnston Mount,Dakotaport,ID,2024-09-12,222.48
user_6ff09ade,Elizabeth Cantu,ithompson@example.net,427 Jonathan Rapid Apt. 674,East Melissaville,AK,2021-01-07,3.77
user_355c0344,Jay Mccann,lucasholloway@example.net,595 Montgomery Ways Suite 754,East Ryanbury,AS,2024-06-17,399.3
user_c1bc3e65,Joel Armstrong,dixonmatthew@example.net,259 Valerie Skyway,South Jade,PW,2025-09-10,254.58
user_7e6f3142,Joshua Mason,lfrancis@example.org,564 Adams Loaf Apt. 781,East Sheryl,WA,2024-09-08,419.19
user_ce5bc562,Andrea Boyd,brian04@example.net,62315 Williams Point,Smithside,CO,2022-08-24,425.71
user_093feffa,Eric Gilbert,melinda34@example.net,103 Riddle Crossroad Apt. 115,Keyshire,AS,2023-05-31,418.66
user_b7591c89,Robert Russell,vangjacob@example.net,530 Amanda Terrace,Morganville,LA,2022-07-24,406.13
user_f23b7474,Karen Flores,kochandrea@example.net,78046 Daugherty Prairie,Kimhaven,OR,2024-08-14,142.98
user_b84734d3,Pamela Morgan,amy29@example.org,0312 Keller Loop Suite 813,Ralphfurt,PR,2022-03-13,410.99
user_4f7f867c,Vincent Hall,blewis@example.org,822 Christine Flats Suite 267,Port Benjamin,GU,2023-03-19,493.15
user_65c5f36e,Teresa Harper,kennethnixon@example.com,9223 Robert Orchard Apt. 462,Port Ivanville,ID,2024-04-11,205.81
user_79c046aa,Russell Sanchez,ronaldcastillo@example.com,448 Martin Dam,Watersfort,OK,2025-04-14,55.66
user_7b3b3e96,John Hines,aaron44@example.org,60093 Martin Inlet,Albertshire,UT,2021-10-19,207.58
user_4a5a45a8,Jordan Perez,louis55@example.com,3292 Heidi Field Suite 831,Lake Glendatown,CT,2021-06-27,470.34
user_9a818fe0,Candace Herring,paul22@example.com,1048 Mckee Avenue,East Williamland,DC,2021-06-03,378.48
user_9fa5cd9b,Mark Beltran,juananderson@example.net,6992 Hart Ranch Apt. 968,Lake Juliachester,AK,2021-07-25,267.79
user_d3b1a8ac,Natalie Morris,karendavis@example.org,60085 Meredith Run Apt. 306,Benjaminmouth,MN,2020-12-04,439.72
user_d83c1e62,Sara Lopez,dreed@example.net,024 John Flats,New Christopher,VA,2023-09-16,264.09
user_4c2a5fa9,Timothy Peterson,richardlewis@example.net,9353 Jackson Lodge,Jonville,NM,2025-07-25,323.5
user_fce256a9,Brianna Brooks,stuart38@example.org,6772 Palmer Ville,New Evanshire,KS,2022-06-04,422.49
user_840b11ce,William Smith,stephenwarren@example.com,3704 Susan Ramp Apt. 385,Huffberg,KS,2025-08-29,328.49
user_3bad2297,Ronald Graham,qburnett@example.org,413 Douglas Orchard,North Ericborough,CA,2024-08-07,273.3
user_b38d9fa6,Kelsey Wright,ryanblair@example.org,00795 Reyes Rapid,South Emily,WA,2025-04-02,306.44
user_eca44408,Janice Smith,williamwade@example.org,6129 Andrade Forge,East Matthewbury,VA,2021-05-05,395.44
user_c7cd2802,Jacqueline Miller,anthony62@example.net,298 Tonya Forges Suite 938,Davidmouth,MP,2021-07-28,185.34
user_da02037c,Joel Sanders,erinwilkinson@example.net,5219 Clark Drive Apt. 929,South Kevin,MP,2022-03-04,288.94
user_fca5767b,Vernon Sanchez,danny13@example.com,9995 Guerrero Park,West Jenniferfort,WA,2020-11-13,84.0
user_832cb20e,Linda Nichols,chavezphyllis@example.com,332 Dixon Forge Suite 268,Port Michael,MH,2021-09-04,110.68
user_1adcd12d,Marcus Barnett,donaldallen@example.org,783 Julie Park,Tuckershire,AL,2021-01-03,197.33
user_65b2d2fa,Stephen Hendrix,cboyd@example.com,239 Spears Meadow Apt. 773,Lake Kim,AR,2023-03-23,21.18
user_f7110e74,Mark Juarez,gskinner@example.com,6097 Woods Point,East Edwardstad,AK,2022-07-23,194.93
user_d660af72,Grace Robbins,jgood@example.net,09305 Washington Lake Apt. 327,West Jacquelineborough,OK,2024-09-04,455.74
user_0ac481d1,Tiffany Reed DDS,leblancdoris@example.com,787 Kane Stream Suite 812,West Hunterhaven,VA,2023-01-10,499.08
user_d3ca48af,Jessica Leon,kristin19@example.org,7775 Tonya Hill,Lloydland,MO,2020-12-02,339.52
user_f28f55c4,Andrew Underwood,noah74@example.net,925 Shane Ridges,South Heatherside,TN,2022-07-02,215.95
user_2239ecf3,Henry Hunter,gardnerelizabeth@example.org,89728 Thomas Creek,North Colinstad,GA,2023-07-23,258.11
user_4083fd6b,Thomas Mcfarland,vturner@example.org,5815 Andrade Burg Suite 191,Ariasburgh,HI,2022-01-26,15.67
user_c5feed9a,Jill Shah,susan71@example.net,862 Carmen Dam,Philliphaven,ID,2022-07-27,174.84
user_bd2fee11,Megan Coleman,mwheeler@example.net,62032 Kyle Grove,Thompsonton,DE,2022-12-16,337.54
user_f04b8816,William Roy,hardinamy@example.org,3621 Martin Fords Suite 954,West Bryanview,DE,2025-08-09,212.07
user_94fe3db4,Dr. Vanessa Jordan,courtneyhenderson@example.org,5801 Gina Tunnel,Jenniferberg,IN,2021-12-26,489.5
user_18f1bae9,Jacob Gilmore,david69@example.com,3223 Montoya Plains,East Mary,IL,2022-05-29,430.97
user_9e5d8e86,Debra Martinez,vjoseph@example.com,457 Robertson Knoll Suite 289,New Laurastad,ND,2025-01-13,425.49
user_afcda344,Scott Maynard,rhernandez@example.com,340 Daniel Burg,North Haley,OK,2020-12-15,131.34
user_7f8e0a71,Hailey Hurst,robert20@example.net,58530 Sims Station,Port Adam,WI,2024-11-17,484.79
user_e4288b9d,Maria Wilkerson,nritter@example.org,05767 Anthony Brooks,Clarkchester,MO,2022-01-05,211.55
user_20b7947f,Jeffrey Quinn,michaelthompson@example.net,3634 Coleman Track,Lake Jeff,MO,2022-01-03,291.27
user_5a7f6a7f,Justin Wolf,adam40@example.net,4095 John Manor,Samanthatown,NV,2025-08-25,109.46
user_b5482564,Charles Miranda,perezbrenda@example.com,146 Nicole Crest,Edwardschester,UT,2023-05-28,25.58
user_baf8d82a,Dr. Erika Graves,gregorywright@example.com,556 Davis Street,Port Mark,FL,2025-09-18,405.29
user_7cb2b054,Mr. Jacob Ortiz,turnerjohn@example.com,2852 Daniel Corners,Lewiston,AL,2024-09-29,189.33
user_220ef560,Brenda Chandler,reedjohn@example.net,76924 Pittman Underpass Suite 170,Dianahaven,MI,2024-11-30,151.59
user_f346bbb9,Antonio Johnson,steven46@example.org,15312 Bruce Isle Suite 598,North Amberfurt,MI,2025-10-09,123.41
user_535bb19f,Sandra Norton,alexandramack@example.net,118 Kevin Turnpike Apt. 170,Robinsonbury,MS,2020-11-05,422.08
user_6b4901d2,Kim Bell,sydney35@example.org,71990 Willis Via,Michelleview,LA,2022-04-29,209.81
user_45d0f502,John Jones,rdecker@example.net,51102 Angela Heights,South Joel,MT,2021-09-15,211.0
user_8b934c9d,Diamond Hodges,kevinwalters@example.com,507 Collins Place,Port Ryanchester,TN,2025-01-05,112.89
user_4e57523f,Brooke Werner,pscott@example.org,9727 Ashley Knolls Suite 740,Jessicaport,IA,2023-08-09,300.41
user_8f5b763b,Nicole Dixon,ihodge@example.net,191 Fox Park Apt. 001,Michelleborough,FL,2023-11-14,322.56
user_30bba31b,Jennifer Washington,johnbutler@example.net,19188 Mendoza Place Suite 636,Woodfurt,AZ,2024-03-14,108.52
user_c58444aa,Alexander Martin,tonya68@example.com,63742 Kayla Fords Suite 235,East Henryfurt,MI,2021-08-24,270.61
user_6dfdba00,Kelly Garcia,gabrielharrison@example.net,9282 Rachel Route,Adrianmouth,KS,2023-11-29,281.66
user_ca38d711,David Lucas,douglasgreen@example.org,414 Boyd Falls,North William,AL,2023-10-06,426.42
user_1e554703,Andrew Simmons,rachel92@example.com,595 Cynthia Parkway Apt. 755,North Nancy,OK,2024-11-25,484.19
user_b5c3bc29,Catherine Hammond,xjackson@example.net,664 Laura Flats Suite 404,East Bryanbury,MA,2023-07-08,224.17
user_4f3f9477,Margaret Schultz,juan75@example.org,85847 Sara Fort Apt. 996,Latashaview,ND,2024-09-02,328.14
user_bd82fcaa,Mark Williams,sharon21@example.org,027 Wilcox Points,Aliville,PW,2022-01-09,214.78
user_2dc89604,Michael Shelton,nharris@example.com,34146 John Plaza Apt. 543,Watsonhaven,GA,2025-01-09,220.66
user_46fa55b2,Tiffany Martinez,kaitlinnewman@example.org,0776 Beth Prairie Apt. 608,Myersberg,SC,2020-11-21,377.1
user_bddea217,Stephanie Mcknight,matthewkelly@example.net,1263 Smith Expressway Apt. 350,Thompsonberg,OK,2024-09-24,449.52
user_af4f28eb,Emma Hurley,carpenterroberto@example.org,9396 Bryan Valley,Lake Valerie,NC,2020-12-27,244.54
user_f15ad590,Juan Allison,gabrielabentley@example.com,323 Kathleen Ports Apt. 685,Caitlinburgh,MH,2023-03-10,305.36
user_e74254ee,Seth Mullen,ayalavirginia@example.org,428 Glass Meadow Apt. 064,West Shelby,VI,2022-08-17,68.96
user_178873d9,Richard Matthews,abrown@example.net,84207 Raymond Gardens Apt. 268,New Lisafurt,NC,2021-03-02,268.65
user_34fdf1c6,Deborah Harris,blankenshipjustin@example.org,1224 Fowler Cove,New Natasha,WV,2024-04-03,394.38
user_33abb9fb,Kristen Mathis,cmiller@example.org,67984 Jesse Ramp,Taylormouth,NY,2023-06-18,273.02
user_80c93229,Dr. Kaitlin Meyer,sabrina07@example.net,4810 Taylor Crescent,South Emma,OH,2024-05-13,303.37
user_6c733c06,Robert Boyle,clarksara@example.org,77878 Martinez Terrace,New Sarahmouth,MH,2022-07-09,112.64
user_9f075c46,William Caldwell,angelica42@example.org,7724 Meredith Mews Suite 832,West Erinchester,GU,2021-09-12,382.68
user_7ac0fc15,Amy Delgado,bperez@example.com,79350 Lauren Prairie,Fitzpatrickbury,MT,2021-12-15,127.02
user_30768649,David Bowen,tammy56@example.com,845 Yu Mall Suite 163,Port Benjamin,MA,2022-11-14,322.34
user_53d2cd8b,Michelle Boyd,dawn95@example.org,865 Timothy Circle,Debrachester,KY,2021-11-15,400.78
user_803a4b34,Katie Adams,samuelhart@example.org,230 Lisa Ports,Baileyside,AZ,2024-09-24,154.57
user_e8f448eb,Terri Myers,william21@example.net,7211 Joyce Turnpike Suite 890,Adamsmouth,NC,2022-06-07,308.53
user_cb2043c5,Alexis Pierce,allisonjones@example.org,067 Lopez Lane Suite 276,Fletcherbury,FM,2020-11-06,476.78
user_ba2a2b1d,Max Lee,travisgoodman@example.org,874 Smith Springs Apt. 949,Lake Michael,MA,2024-08-13,357.37
user_4f56770a,James Wilson,hortega@example.org,168 Chen Mall,Dennisberg,WV,2021-09-26,213.57
user_917bbd88,Victoria Murphy,angela07@example.com,675 Sanchez Ford,Erinmouth,PW,2024-02-12,288.09
user_37a579fc,Sheila Little,stokesyvonne@example.org,3900 Peter Mountain Apt. 328,Hernandezburgh,IA,2023-01-14,386.97
user_8d969c7b,Belinda Erickson,kenneth58@example.net,63142 Michael Field Suite 106,New Mary,TX,2021-03-19,233.66
user_f4bdc85a,Terri Roth,lbrown@example.org,6271 Allen Route,Nicholsbury,NM,2025-01-02,394.47
user_f4d84ce4,Matthew Reynolds,mperez@example.com,3149 Acosta Estates,New Allisonfort,IL,2024-05-01,187.55
user_549e142a,Ethan May,xlawson@example.com,15752 Deborah Squares Suite 722,Lake Barry,CT,2023-05-31,452.7
user_c397c625,Jessica Wright,steven08@example.com,32486 Steven Road Apt. 376,Maureentown,MD,2025-09-05,161.22
user_d280a1cf,Trevor Young,richard60@example.com,87706 Audrey Route Suite 663,Port Theresaville,TN,2023-11-16,252.34
user_bedbed53,Jennifer Hopkins,mooretyler@example.org,8534 Madden Turnpike,Snowport,MI,2023-02-27,366.66
user_3d6a32d8,Michael Martinez,llutz@example.org,771 Lindsey Pass,Lake Lisaview,OK,2025-05-24,267.47
user_85f367a5,Kaitlyn Evans,thomasjoseph@example.com,6772 Michael Centers,Martinezview,OH,2022-08-30,243.95
user_030238c0,Lisa Cordova,yyu@example.org,343 Reese Oval,Youngburgh,SC,2024-06-01,370.86
user_978a2458,Matthew Vasquez,cathy48@example.org,3469 Rogers Street Suite 345,Woodside,DC,2025-08-07,12.53
user_d3939a53,April Johnson,wgarza@example.org,5770 Andrea Gardens,Hartshire,WV,2022-02-20,38.12
user_5960766b,Sydney Lane,dgilbert@example.net,437 Christopher Meadow,Lake Stephen,ND,2021-03-02,225.86
user_65315e0b,Alisha Diaz,whitelauren@example.org,6625 Pacheco Glens,Lisaberg,MD,2024-03-25,428.51
user_60ffa0f6,Colin Bailey,dominguezlisa@example.net,2183 Baker Forges Apt. 594,South Aliciaton,IN,2025-05-17,162.48
user_58f75696,Melissa Cummings,parkermark@example.com,539 Candice Pines Suite 214,New Richard,DE,2025-10-24,261.02
user_e739e380,Mr. Curtis Hensley,michelle54@example.org,71189 Schultz Turnpike Apt. 707,South Christopherfurt,OR,2025-09-10,273.27
user_5a88810f,Monica Carter,briggskimberly@example.com,99072 William Centers,Anthonyberg,OK,2021-06-03,6.41
user_5c7c8ecb,John Powers,julie94@example.com,4446 Greer Village Apt. 344,Schneiderland,UT,2024-10-30,28.86
user_7602a87c,Matthew Morton,kylemassey@example.org,534 Joseph Drive Suite 991,Lopeztown,OH,2023-01-18,239.42
user_ba852982,Brittany Ochoa,michelle06@example.com,588 Garcia Greens Apt. 190,Lake Robinton,NH,2022-01-26,306.25
user_6dbb9b0a,Brittany English,anthonyconrad@example.org,035 Chad Run,Ryantown,CO,2022-10-15,421.78
user_3183f130,Rachel Carter,cody51@example.com,923 Anthony Estate,Jillshire,ID,2024-10-13,16.74
user_680b5866,Melissa Osborne,qfisher@example.net,083 Jones Avenue Apt. 626,Lake Lauriestad,MA,2024-05-24,8.69
user_973afeeb,Andrew Price,rebeccabauer@example.org,6610 Cindy Park Apt. 983,Campbellborough,NH,2022-10-14,213.89
user_7d6010c7,George Scott,rogersalison@example.com,83255 Nicholson Cliff,Robertside,GU,2024-09-30,380.15
user_59c70df7,Lori Glenn,caseshaun@example.net,7066 Angela Stravenue,New Rebecca,DE,2022-01-26,437.38
user_e185036a,Leslie Taylor,morganpatrick@example.net,356 Hernandez Meadows,New Donna,GU,2023-04-09,337.92
user_8a7361f5,Heidi Guerra,fhall@example.net,12988 Brianna Meadow Suite 011,Annaport,MS,2021-09-10,117.61
user_30e0207a,Crystal Orr,jwalters@example.net,51069 Carter Center,East Jeffreyhaven,IN,2022-01-30,129.87
user_d9f5c2de,Maria Mcguire,xhamilton@example.net,566 Kimberly Lane,Ericfurt,AK,2022-02-17,431.48
user_2c40c3a2,Robert Williams,bowersbrooke@example.net,6681 Sanchez Fork,Edwardsview,ND,2021-11-05,474.37
user_5287bddf,Bryce Howard,gregory16@example.com,49876 Brian Valley Suite 038,Austinfurt,GU,2024-11-24,389.54
user_e510c616,Johnathan Mason,glove@example.com,404 Harold Pine,West Taylor,MT,2025-01-27,220.37
user_5390199c,Brandon Thompson,pughmary@example.com,42387 Mark Lodge,Brianchester,DC,2024-09-22,36.88
user_a106f39c,Justin Weaver DDS,williamsdiana@example.org,2561 Bennett Place,East Courtney,GA,2023-12-01,474.2
user_53637434,Kevin Farmer,jason45@example.net,7923 Vazquez Drive Suite 347,East Christopher,IA,2023-03-28,365.98
user_0a4bea23,Dr. Amanda Johnson MD,byrdcaitlin@example.com,8774 Joseph Key Apt. 018,Ingramhaven,PW,2025-08-18,431.0
user_b9018c25,Tiffany Clark,carriekey@example.com,7248 Natalie Trafficway Apt. 177,East Brittneyview,UT,2024-06-24,362.56
user_937abd70,Glenn Wheeler,savannahmoore@example.org,2544 Jasmine Hollow Suite 001,New Amber,MN,2022-01-30,431.6
user_c03055f9,Melinda Craig,vcohen@example.net,4332 Martin Lock,Jeffreyland,WA,2021-05-04,447.82
user_f0e08212,Carmen Snow,eringraham@example.org,5983 Sara Green,Johnsonshire,NV,2023-05-04,184.87
user_4885a934,Teresa Reid,spearsvincent@example.org,013 Thomas Highway,Ingramchester,NJ,2023-01-30,227.27
user_b86d7c0b,Sarah Gonzalez,christopher11@example.org,453 Marcus Wall Suite 471,Nicolemouth,OR,2024-11-26,390.96
user_005c33a7,Timothy Pierce,barbaraking@example.net,3195 Hall Summit Suite 032,Thorntonland,NM,2022-07-15,486.64
user_6764aa35,James Brooks,cody87@example.org,58494 John Course Apt. 396,Rogersside,CO,2025-08-20,94.58
user_220f3d24,Suzanne Jones,khuynh@example.com,53676 Knox Cliff,South Tammy,MT,2024-02-19,295.13
user_447c1c2c,Justin Salas,john01@example.net,5315 Tonya Parks,Oliviaburgh,NH,2020-11-26,493.23
user_a165612e,Sally Miller,williamskent@example.com,37217 Miller Highway Apt. 986,Lake Ronald,WA,2022-07-31,233.92
user_195afb21,Fernando Jordan,moralesbenjamin@example.net,59767 Dalton Course,Lake Angelaton,NM,2024-08-12,193.4
user_aa33c894,Alan Chambers,kayla63@example.org,83845 Johnson Via,Jordanmouth,PW,2023-03-02,24.11
user_06802fb9,Kristen Colon,emoore@example.com,946 Guzman Trail,East Lisafort,NM,2025-02-25,252.6
user_a07f3e12,Gary King,wfischer@example.com,1730 Vega Fort Suite 579,South Tinafurt,GA,2024-12-30,355.7
user_fb04ecb2,Michael Howard,cwu@example.net,8136 Moore Tunnel Suite 006,Boyerville,SC,2022-06-25,379.22
user_96090d39,Melissa Hughes,miguelochoa@example.org,039 Anna Skyway,Dunlapbury,PW,2024-11-14,460.29
user_40cae0b8,Christopher Jones,amber05@example.org,49681 Evans Grove,West Alyssa,NH,2025-03-15,296.88
user_d7981080,Andrew Lewis,castillodenise@example.net,13501 Lisa Streets Apt. 033,Christiemouth,KY,2023-08-09,337.8
user_3d475b44,Anne Wright,jamestownsend@example.net,787 Joshua Dale Suite 326,Lake Brittney,VA,2021-05-23,309.26
user_11e30e6e,Justin Gordon,huffmanmichelle@example.net,46610 David Roads Suite 917,New Maria,WV,2023-04-27,162.03
user_df9563a5,Katherine Williams,oharper@example.net,41016 Anthony Harbor Suite 469,West John,VI,2022-03-14,294.63
user_8ed9eea6,Courtney Martinez,lori45@example.org,305 Wood Parks,Lake Edwardshire,DC,2022-01-12,112.6
user_3ecb5d7c,Keith Velez,kennethrandolph@example.org,87712 Ross Lake,Lake Stephaniemouth,ND,2022-02-03,32.31
user_65bcdd93,Jon Miller,susan48@example.net,1401 Shannon Forge,Lake Larry,TN,2023-11-28,376.23
user_7ebecc40,Gregory Lewis,ubrown@example.net,63203 Moreno Viaduct,North Eric,LA,2021-06-06,36.25
user_b9a0f59f,Elizabeth Grant,njones@example.net,34065 Connie Crossroad,New Caroltown,NC,2024-07-05,103.71
user_c5b57a2b,Paul Lynch,michael88@example.net,05578 Watson Falls Apt. 794,Zavalaside,SC,2023-09-14,88.92
user_d3e81ea4,Amy Robinson,angelasmith@example.org,50039 Clark Landing,Robertoville,MA,2022-12-19,120.08
user_dc2475ca,Robert Perkins,abyrd@example.org,137 Kimberly Hills Apt. 848,South Krystal,VI,2023-06-21,60.9
user_ac9f9608,Laura Bright,fcarroll@example.org,02043 Gibson Rue,South Brian,AS,2025-02-25,97.73
user_e20c6d90,Mary Briggs,bradmarquez@example.org,79299 Ryan Forest Apt. 790,Hawkinsburgh,PW,2025-07-23,212.77
user_a3f3ee3f,Johnny Haynes,tinahanson@example.net,12218 Amanda Lights,Smithfurt,MP,2022-08-12,387.97
user_e81e3c08,Benjamin Wagner,gutierrezdaniel@example.com,9767 Christina Orchard Suite 740,Lake Laceyview,IN,2023-05-04,96.58
user_1c851466,Virginia Williams,alvaradobruce@example.com,28162 Amanda Lights Apt. 435,Brewerburgh,OK,2022-01-27,10.38
user_41dd348f,Hector Rios,vjones@example.org,957 Owen Forks Suite 836,Seanshire,TN,2021-12-16,276.61
user_10d6bff5,Crystal Garcia,chadjackson@example.net,8925 Darlene Court Suite 995,Schultzmouth,HI,2022-04-20,268.73
user_c873ba00,Pamela Monroe,youngtara@example.net,73094 Debra Glens Apt. 953,Hallport,MI,2022-09-12,39.44
user_3cd2c188,Lawrence Rivera,sabrina30@example.net,26732 Jill Overpass,Dianatown,GU,2023-01-02,359.28
user_b8cf6873,Christina Castaneda,john48@example.net,9144 Donald Knoll Apt. 063,Linfurt,MP,2021-01-25,192.64
user_839f8082,Caleb Fox,kevinsingh@example.net,87097 Preston Shores,East Timothymouth,NV,2024-03-20,266.49
user_926d6f5c,John Turner,eugene84@example.net,6631 Hannah Falls,Taylorton,SC,2024-02-01,90.6
user_5dde3b59,Shane Kirby,watsonhannah@example.com,45515 Courtney Union,North Adambury,NV,2021-01-19,67.15
user_0f9b26ca,Walter Cantu,huntermichelle@example.net,2154 Marshall Garden,Port Brandihaven,SC,2024-02-08,286.94
user_710acdcd,Michael Shaw,fpham@example.com,61107 Webb Crossing,East Clifford,LA,2021-02-24,463.6
user_2a1e1c88,Cindy Young,mcarter@example.net,5648 Craig Turnpike Suite 643,New Norman,IN,2023-05-04,151.84
user_ee53a594,Robin Anderson,jennifersmith@example.net,5271 Strong Crescent Suite 832,Kellyborough,AR,2025-02-23,185.66
user_c3b86947,Katherine Ramirez,xday@example.org,271 Nathan Locks Apt. 570,South Elizabeth,DC,2022-06-13,106.47
user_e994b56f,Cody Garcia,johncrane@example.com,87157 Smith Isle Suite 301,Leefurt,ID,2021-12-17,23.02
user_1d0d11fa,Crystal White,tmorales@example.org,2200 Hammond Rest,East Derekmouth,ND,2022-10-17,345.46
user_5a21b307,Jacqueline Livingston,christopherkirk@example.com,125 Aguilar Skyway Suite 913,East Heidi,FL,2022-04-16,403.58
user_2a20b1f5,Patricia Martinez,vincentrogers@example.org,5493 Erin Lakes Apt. 258,New Christina,WI,2025-04-09,438.87
user_877ba923,William Alexander,rmacias@example.org,4905 Stacy Gateway,Port Elizabeth,KY,2023-01-11,390.56
user_4f0a2cfe,Christina Estrada,andersonyolanda@example.net,4239 Elizabeth Centers,Lake Jeanetteburgh,AR,2021-10-05,53.26
user_08d5463f,Jessica Collins,rcook@example.com,99110 Ashley Prairie Apt. 881,Lake Nicholastown,MO,2024-02-01,52.93
user_1bf9fddf,Rodney Watts,brookscheyenne@example.com,780 Thomas Street,West Aliciafurt,MT,2024-07-28,9.56
user_5a875cf5,Sarah Brown,barnettsara@example.org,7946 Sharp Drive Suite 763,Kristinaton,TN,2023-07-03,14.04
user_09cd8dc0,Joshua Hill,shane93@example.org,339 Smith Courts,West Marc,FM,2024-09-28,483.05
user_201446a1,Audrey Taylor,jessica98@example.com,680 Rubio Cliff Suite 568,North Jamesbury,OR,2020-12-27,440.0
user_bd64a9b5,Devin Hawkins,moorecindy@example.org,99990 Flores Lodge Apt. 348,Brianachester,CA,2024-07-01,30.26
user_a93cae19,Elizabeth Vasquez,moorethomas@example.net,4796 Jennifer Isle Apt. 645,Martinstad,WA,2023-04-24,249.3
user_d2982515,Mark Hernandez,jade72@example.net,51254 Peggy Station Apt. 829,West Crystal,DC,2021-02-02,263.29
user_da1647cf,Anna Black,saraharvey@example.org,9308 Flores Union,Perezmouth,CA,2023-03-14,392.41
user_9301a262,Elizabeth Molina,christopherhardin@example.net,7193 Elizabeth Cliffs,Fosterton,WV,2022-10-19,440.67
user_02f84f0d,Thomas Oneill,patrickrussell@example.net,05622 Sandoval Ramp Suite 629,Mccannmouth,KY,2024-07-05,448.99
user_4b36eb27,Roy Horne,nelsonmarc@example.net,115 Gary Oval,East Kimberlyshire,MA,2025-06-17,173.36
user_59b6034a,Richard Bradley,camposjohn@example.net,624 Blake Street Apt. 212,Dunlapstad,CT,2024-10-18,37.44
user_521a292c,Erica Hughes,nicolefreeman@example.org,47644 Kimberly Prairie,Ewingport,WY,2022-03-10,40.59
user_9724fdf4,Joseph Nelson,lamblindsay@example.com,0064 Amanda Ranch,New Melissaview,WY,2022-08-21,329.36
user_7ab0a141,Daniel Quinn,jenniferthomas@example.org,98883 William Spring,Lake Rose,VI,2023-07-10,255.87
user_96283822,James Martin,sanchezbobby@example.net,9012 Ian Stream,Crystalchester,WV,2025-01-16,5.0
user_8a3e021b,Mr. Ricky Oneal,phernandez@example.net,7784 Walters Parkway Suite 389,Port Sandraport,NE,2025-06-12,481.21
user_03c2c560,Kelly Martinez,griffinthomas@example.com,502 Cassidy Bypass Suite 118,Huntberg,LA,2020-10-30,273.89
user_4a14ab2a,David Bishop,harveymiranda@example.org,22438 Kimberly Field Suite 023,East Jamieland,MI,2022-11-10,28.16
user_89354df8,Rebecca Walsh,sanchezkimberly@example.com,68547 Jessica Flat Apt. 928,Jonesfort,SC,2022-03-09,99.78
user_deb56054,Alexander Singh,kgreen@example.net,3370 Mcgee Drive Apt. 888,Lake Karen,AZ,2021-08-02,368.66
user_46e05e1e,Travis Bird,taylormonica@example.org,7870 Phillips Turnpike,New Paulbury,PR,2022-05-22,269.89
user_ae022365,Joshua Evans PhD,kellerdavid@example.net,96128 Orozco Way Suite 132,North Michael,ME,2023-06-20,343.41
user_858106c5,Carlos Brown,toddcheryl@example.org,9562 Gonzalez Falls,Youngtown,PR,2020-12-21,138.52
user_ad254934,Carolyn Gates,vfitzgerald@example.org,104 Gregory Ford Apt. 853,Aliciaborough,MN,2021-01-27,273.24
user_fc719e33,Brenda Franklin,carol04@example.com,37425 Jessica Stravenue Apt. 289,North Huntertown,MS,2024-06-22,194.36
user_1687f027,Nicholas Pugh,anthony75@example.com,95153 Newman Alley Suite 732,South Justin,SD,2021-12-28,329.32
user_bdd06c3c,Lawrence Li,lmoore@example.net,9728 Hansen Meadow Suite 247,East Jillian,IL,2024-08-09,460.77
user_9f7fac38,Theodore Miller,hoffmanleslie@example.net,22525 Young Corner,Chadmouth,CO,2024-06-30,104.96
user_8e41c455,Carolyn Medina,laurenprice@example.com,999 Taylor Lakes Suite 383,Collierbury,ME,2021-10-27,137.84
user_770cf705,Aaron Smith,nicolesantiago@example.org,2001 Dunn Knolls Apt. 919,East Amber,KY,2023-06-24,288.35
user_98b889ec,Tiffany Scott,zchapman@example.org,414 Brock Rest,Port Brittanyville,ME,2025-09-28,138.6
user_84194b6d,Anthony Hensley,rebeccaayala@example.net,0353 Tyler Lane Apt. 729,Anafurt,DE,2024-12-14,399.44
user_d7c91612,Tonya Lewis,leslieramirez@example.org,120 Smith Vista,Port Tiffanymouth,VI,2023-12-14,494.92
user_be29ddc5,Gregory Gibson,brewertheresa@example.org,457 Anderson Plaza Apt. 549,New Patricia,AL,2022-08-28,215.81
user_a6dbbc4e,Mr. Luis Deleon,seth73@example.com,791 Robertson Club Apt. 316,Crystalville,SD,2023-06-05,416.13
user_c80898cc,Rebecca Meyer,michaelfisher@example.org,55965 Danielle Knoll Suite 901,Donnachester,VA,2025-03-11,370.87
user_d75f5d3b,Tammy Graham,egray@example.org,952 Sara Brook,Port Jasmineport,WI,2024-03-29,2.27
user_211fe4af,Marissa Brown,matthewpoole@example.net,18485 May Crossroad Suite 550,Ashleyland,IN,2022-04-05,488.73
user_0da65777,Kurt Richards,eric99@example.com,4525 Christine Station,Andrefurt,CO,2023-09-22,371.37
user_8b333720,Alexander Booker,watersbrian@example.org,35547 Watkins Inlet Suite 754,Holmesfort,MH,2021-02-07,379.58
user_e8053cff,Amy Rodriguez,fwebb@example.org,2185 Lester Crest,West Cynthia,ND,2021-08-06,435.61
user_30aa44d7,Timothy Pugh,joshua94@example.net,4614 Mcclure Underpass,West Judithhaven,MP,2023-12-18,3.57
user_38b91b3e,Kristy Bowers,brendahunter@example.com,58730 Harris View,Taraberg,MP,2023-09-29,235.55
user_edd7aabd,Mariah Dougherty,monica28@example.com,3963 Tracy Square Apt. 091,East Markside,MS,2020-10-27,373.19
user_2313b6ab,Jacqueline Gordon,roberthall@example.org,771 Sheryl Shore Apt. 921,Prestonfort,ID,2021-12-06,75.59
user_509691d4,Emily Barrett,jocelyn19@example.org,1856 Lisa Station,Lake Joseph,PW,2023-12-02,39.89
user_94c32b3b,Andrea Rodriguez,akim@example.net,753 Mcintosh Causeway Apt. 260,Angelamouth,MO,2022-07-13,369.53
user_9404277b,Ryan Osborne,fryvictor@example.org,9039 Martinez Extensions,Amytown,NV,2024-12-22,302.11
user_9612d1f5,Donald Cobb,keithlong@example.org,37418 Christina Drives Apt. 086,Maloneport,VT,2025-09-15,489.11
user_7b665d10,Briana Copeland,carterrobert@example.com,2913 Susan Run Apt. 177,Scottberg,NY,2024-03-01,155.59
user_a10b3f21,Cameron Thomas,emiller@example.net,7504 Brian Village,Pamelaville,KY,2021-03-24,98.65
user_5ccb7fb2,Corey Brown,christina36@example.org,3920 Walter Crossroad Suite 724,Hendersonfurt,MD,2021-12-20,334.73
user_39e82720,Mr. Mark Brown,bartlettneil@example.net,8441 Barbara Terrace,Lake Samuel,KY,2021-01-18,190.39
user_97836844,Jill Castillo,mroberts@example.com,08479 George Garden Suite 065,New Julie,IN,2022-10-17,486.18
user_070423ca,Jonathan Glover,megan74@example.org,1006 Rodriguez Plains,Bakerside,MS,2022-05-12,268.63
user_670f09e8,Dr. Travis Hughes,pberg@example.org,470 Daniel Course Suite 159,East Josephfort,VT,2025-06-14,234.02
user_608701c0,Rebecca Thompson,handrews@example.com,62552 Sharon Cove Apt. 136,East Angela,AZ,2021-10-06,301.69
user_95262522,Kenneth Smith,nicole20@example.net,0721 Chavez Rest,Hopkinsmouth,MS,2022-09-09,38.76
user_72a93ff4,Jackson Greene,ialvarado@example.net,44842 Alexander Drive,Kellyberg,HI,2025-02-04,459.81
user_20b2ffcc,Gary Hoffman,travisgray@example.com,45183 Blake Route,New Monicachester,AZ,2023-12-20,327.23
user_e4c94cf2,Troy Garrett,howellkimberly@example.com,458 Nancy Camp,Port Rhonda,WV,2023-03-19,481.56
user_682d2410,Justin Shields,kristinvaldez@example.org,608 Mitchell Path,East Leah,PR,2021-08-20,442.72
user_d806084f,Daryl Moss,leroymiller@example.com,3883 Wolfe Drive Apt. 098,Zhangside,NY,2022-02-15,404.9
user_64275f27,Jose Reyes,richard81@example.com,487 Kathryn Alley Apt. 944,North Taylortown,MN,2023-03-01,119.53
user_f898f2e2,Jason Hawkins,marshalljillian@example.com,578 Leblanc Field Apt. 028,South Steven,MN,2023-07-06,482.47
user_9c9d46e3,April Simmons,award@example.com,0566 Heather Shore Suite 847,North Jessica,ME,2023-07-18,199.45
user_b971a56b,Donald Parker,juan10@example.net,72502 Rodriguez Village,Whitneymouth,PR,2021-07-11,384.96
user_fdada35c,Michael Valdez,lisa81@example.net,1423 Bobby Ports,Tylershire,TX,2025-04-13,45.43
user_09382405,Christopher West,xroberts@example.net,968 Wilson Falls,West Amanda,ND,2022-08-05,489.76
user_97df8aa1,Julie Trujillo,brian77@example.com,03874 Andrew Run,North Rachaelfort,VA,2024-08-16,136.11
user_3fbb6038,Gregory Ayers,rcohen@example.com,85583 Lisa Villages,Silvabury,TN,2022-05-30,177.64
user_6bc315b9,Jason Patterson,haynesstephen@example.org,23102 Shannon Tunnel Apt. 279,Lake Garyshire,LA,2023-02-13,41.95
user_00716e0d,Zachary Watson,vasquezrichard@example.com,936 Washington Valleys Suite 698,South Katherinehaven,AZ,2022-01-01,194.66
user_14914dba,Todd Suarez,jake95@example.net,9999 Valdez Tunnel Apt. 966,Elliotthaven,KS,2022-05-31,201.5
user_fa6d155f,Andrew Franklin,wayne09@example.org,98242 Isabel Forest Apt. 239,Thomasshire,WV,2022-04-28,91.74
user_90225e3a,Caitlin Sanford,cherylkelly@example.org,048 Hunter Alley,South Michelle,MO,2022-12-27,383.75
user_7e758b15,Hector Miller,rjones@example.net,28207 Anthony Ranch Apt. 800,Garrettfurt,MH,2021-11-21,499.62
user_f8fd6bac,Matthew Osborne,usutton@example.org,269 William Orchard Suite 363,New Mark,NC,2024-09-06,475.46
user_0c43fdc9,Alexis Burke,ythompson@example.com,719 Brown Mountains,Lake Jose,AR,2023-07-06,92.26
user_dd37bc19,William Roach,josephedwards@example.net,4320 Jorge Vista,Rushshire,DC,2024-08-30,220.68
user_b8cbc068,Gregory Roy,wdavis@example.org,298 Isaiah Route,East Kimberlyville,MS,2025-03-21,448.48
user_02813932,Michelle White,jamescollins@example.org,2036 Brian Passage,Kimberlymouth,LA,2022-02-17,356.19
user_42161444,Dennis Bennett,victoriareeves@example.com,4918 Tiffany Ranch Apt. 742,Port Kenneth,MT,2025-08-01,328.58
user_b6c34fa2,Katie Barnes,aaron52@example.net,500 Ross Pike,East Danielmouth,WV,2021-10-22,434.65
user_3adf4cdc,Melissa Fischer,catherine39@example.net,0111 Mccarthy Curve Suite 703,West Timothy,SC,2022-07-20,191.89
user_d60f9c18,Tyler Hines,colemanshannon@example.com,66365 Andrew View Apt. 669,Lake Barbara,CO,2023-10-11,356.09
user_574a0e82,Peter Yu,moranrachel@example.net,2281 Campos Pike Suite 368,East Carolynberg,NH,2024-10-12,150.49
user_d6dc1cd7,Charles Hodges,traceymendoza@example.org,838 Olson Summit,North Katherine,DC,2025-08-08,338.21
user_87af62a7,Michael Jensen,wilsonlori@example.com,668 Gary Corner,Daniellefurt,MS,2023-05-05,108.49
user_0a97a42c,Eric Jordan,pwilson@example.com,853 Debbie Vista,West Laura,MO,2023-02-18,393.86
user_4c32d8f3,Elizabeth Torres,webbphillip@example.com,6339 Sparks Divide,West Peter,MS,2021-10-15,297.95
user_536c3b43,Clinton Cabrera,jessicafields@example.net,693 Andrew Court Suite 898,North Josephland,HI,2022-08-19,193.03
user_066e3af7,Andre Elliott,elizabethwoods@example.com,931 Lisa Rapid,Susanton,NJ,2024-10-04,398.33
user_096f4f1a,Taylor Sutton,kelly40@example.org,16537 Melissa Estate Suite 156,Williamsshire,NM,2022-08-08,219.62
user_4f87b451,Connor Mitchell,xanderson@example.com,358 Nathan Overpass,Anthonyberg,WY,2024-06-12,76.75
user_457a0203,Jessica Richards,cameronwilliams@example.org,217 Matthew Lock Suite 675,Port Sherriborough,PR,2024-02-26,186.19
user_43e4bc2b,Jacqueline King,zzuniga@example.org,0196 Curtis River,East Amandaville,TX,2022-07-04,99.56
user_ab2f71b5,Wanda Jackson,jerry78@example.org,086 Walker Falls Suite 178,Reyesside,CA,2021-12-01,362.3
user_c24583ba,Philip Daniels,haneychristian@example.org,01443 Rodriguez Pike,Delgadobury,KY,2022-06-21,440.11
user_7feabfdb,Robert Lewis,ywatson@example.com,885 Duran Freeway Apt. 214,Lambertfort,FM,2023-11-29,141.58
user_654f9fdf,Tracy Rodriguez,schroedermichael@example.org,02354 Tiffany Gardens,Christopherville,NC,2022-05-22,90.41
user_273fb63a,Reginald Roberts,uwarren@example.org,378 Alvarado Mission,Millsland,AZ,2022-07-21,247.99
user_f510685e,Julie Bradley,ywalker@example.com,627 Melanie Roads,Port Rebeccaview,MS,2022-03-19,154.68
user_22a061d8,Erik Cox,patrick84@example.com,7551 Davis Lodge Apt. 144,Port Saramouth,NM,2022-12-07,300.52
user_e0df5b7c,Amber Wright,markwilson@example.com,5933 Justin Hill Apt. 128,Robinmouth,NE,2022-01-12,65.88
user_5e656aa8,Troy Wagner,warrenmichael@example.org,2687 Trevor Mall Suite 077,West Tristanstad,SC,2024-03-19,242.94
user_f3ded5fe,Richard Smith,lindamoss@example.com,1086 Gomez Plaza,Ashleyhaven,AL,2025-08-03,483.7
user_044becfb,John Perry,johnsonthomas@example.net,2922 Mclaughlin Heights Apt. 337,Port Katelyn,NM,2021-03-16,411.9
user_43347762,Rachel Drake,klee@example.org,50773 Crawford Green Apt. 233,Hunterfurt,KS,2025-05-11,100.44
user_c297aefc,William Chavez,palmerjulie@example.net,84001 Estrada Alley,North Tonyshire,PW,2021-01-11,481.84
user_7f8b047b,John Mullins,ortizjoshua@example.com,2301 Timothy Streets Suite 403,West Jennifer,NH,2023-07-26,20.54
user_9c1fce8b,Patricia Brown,reynoldsamanda@example.com,7471 Lisa Orchard Suite 668,Hernandezside,OK,2024-11-06,122.66
user_3bbdede4,Brett Curry,tharrell@example.com,247 Beard Plains Suite 482,Hernandezborough,ND,2024-09-09,386.65
user_4853a6b7,Clayton Yang,mcastro@example.com,6562 Williams Burgs Suite 657,Port Davidside,VA,2021-09-05,49.61
user_b7e8b1c4,Tina Fields,patrickmoore@example.org,96456 Williams Inlet Suite 090,Jonesborough,AS,2024-04-09,388.21
user_7b596707,Vicki Simon,matthew30@example.net,994 Alicia Ridge,West Melissamouth,AL,2024-02-05,459.41
user_35d2b182,Lauren Terrell,kathryn59@example.com,013 Susan Rest,Tylermouth,MS,2024-12-09,134.64
user_35596555,Paul Williams,vnash@example.com,35152 Susan Junctions Apt. 062,Jenniferland,MA,2024-09-13,303.91
