user_id,name,email,street,city,state,join_date
1,Tina Carter,suzannejohnson@example.org,97641 Williams Mill Suite 090,East Danielle,MS,2022-12-23
2,Larry White,nelsonsharon@example.net,6094 Zachary Knolls Suite 667,Rothshire,KS,2024-02-01
3,Steven Young,ijohnson@example.net,9191 Osborne Wall Apt. 103,Justinside,NJ,2024-06-20
4,Heather Smith,jacksonrebecca@example.net,9939 Zachary Manors,Rebeccahaven,NV,2025-07-24
5,James Ward,mitchellhaney@example.com,162 Brock Lakes,New Dawn,PA,2022-03-11
6,Katherine Jacobson,michellejohnson@example.com,743 Smith Roads,Andreabury,ID,2024-09-03
7,Jessica Williams DDS,jonesdebra@example.net,2971 Garner Crossroad,Wilsonborough,DC,2023-09-24
8,William Flores,alicia18@example.com,948 Jackson Port Apt. 538,Evanville,FL,2022-09-28
9,Victor Wood,robinsonandrew@example.com,38322 Kimberly Curve,Hayesstad,VT,2023-01-31
10,Michael Waters,debra81@example.org,601 Joseph Lock,Bradleyshire,MO,2022-12-28
11,Kayla Jones,benjamin07@example.net,80842 Hill Stravenue,Howardfurt,TN,2024-11-23
12,Michael Daniels,larsenpeggy@example.com,54469 Hernandez Spurs,Claytonport,DC,2023-09-16
13,Gary Quinn,xrobertson@example.net,1620 Hill Circles,West Matthew,IN,2022-05-03
14,Daniel Simmons,dawsonthomas@example.com,20521 Estes Landing,Robertburgh,TX,2025-03-31
15,Lisa Smith,juarezbrett@example.net,43652 Gonzalez Ville Apt. 807,West David,CO,2024-04-08
16,Amanda Beard,deckertanner@example.org,4105 Joshua Roads Apt. 684,North Josephport,IL,2024-10-08
17,Michael Jackson,david08@example.com,4858 Norman Port,North Paul,TX,2024-12-06
18,Brandon Smith,stacymccall@example.net,93588 Walker Brooks Suite 356,East Teresa,IN,2024-06-18
19,Jerry Frank,hday@example.org,5589 Foster Underpass Apt. 824,Katherinehaven,OH,2024-03-30
20,Michael Day,kaiserhayden@example.org,334 Jared Estate,Spencetown,GA,2024-06-08
21,Heather White,uwilson@example.com,98347 Tami Walks,Keithside,OH,2025-02-24
22,Joy Horton,hdavis@example.org,0144 Ryan Rue Apt. 273,Port Melissachester,TX,2023-03-24
23,Ryan Cox,duncanamber@example.com,46694 Christina Haven,South Brianberg,ME,2023-01-06
24,Amy Pittman,yvonnevasquez@example.net,29523 Shawna Orchard Apt. 384,Port Samantha,FM,2025-07-28
25,Madison Wallace,zprice@example.com,262 Cline Corner Suite 521,Joshuaberg,MS,2023-04-10
26,Theresa Webster,ycarter@example.com,96307 Stacy Plaza Apt. 273,Port Barbara,OR,2022-05-08
27,Timothy Haynes,wilsonsara@example.com,3709 Colleen Lodge Suite 137,Grahamhaven,WY,2025-02-13
28,Morgan Ramos,griffithglenda@example.org,402 Whitaker Loop,Gardnerberg,MN,2022-09-20
29,David Gay,shelbyhardy@example.com,9152 Moore Crest,Lake Joshuabury,TX,2022-06-18
30,Sherri Tanner,iyates@example.net,21112 Joseph Turnpike,Taylorland,WY,2023-06-16
31,Eric Petersen,josephfrench@example.org,30131 Victor Stream Suite 360,Port Lisa,WA,2024-06-27
32,Kathryn Carrillo,dale47@example.net,7052 David Camp,Lake Kristen,NV,2025-06-19
33,Leah Bryant,mejiajodi@example.net,01971 Robert Crossing Suite 303,New Ashleyfurt,PA,2025-07-03
34,Tammy Parker,tmoore@example.net,70343 Stephanie Overpass,New Jennifer,TX,2025-03-11
35,Amy Alexander,zachary97@example.com,8386 Jillian Circles Apt. 746,Moranfort,VA,2022-03-22
36,Matthew Mullins,sarasmith@example.com,5193 Cox Parkways,New Susan,MD,2023-06-12
37,Christopher Thomas,michael66@example.com,84639 Betty Rapid Suite 947,East Matthewstad,NH,2025-06-30
38,Sheila Taylor,jlogan@example.org,644 Franklin Passage Apt. 339,Keithton,NH,2025-08-14
39,Sarah Pace,christophergallagher@example.org,3358 Goodwin View,Kington,NV,2022-04-04
40,Nicole Dean,kochkevin@example.com,808 Keller Knoll,Craigmouth,VI,2025-03-31
41,Vicki Morris,jacksonangela@example.org,09585 Maureen Ports Apt. 944,Smithstad,HI,2024-07-21
42,Randy Hayes,stacy00@example.net,370 Dustin Valley Suite 100,South Michaelstad,OH,2024-05-08
43,Tammie Gonzalez,mitchellhaley@example.com,7549 Deborah Walks Suite 920,South Emilystad,MS,2023-05-11
44,Terry Ortiz,kdunn@example.com,095 Larson Walk Apt. 917,Port Dale,PA,2022-11-06
45,Kyle Jones,mjones@example.com,220 Reynolds Throughway,New Heather,UT,2023-09-08
46,Julie White,roserichard@example.net,61576 Higgins Well Apt. 514,New Philipburgh,MO,2024-09-22
47,Sherri Phillips,ngoodwin@example.net,32920 Keith Row Suite 121,North Tracy,SC,2022-07-22
48,Tony Cohen,jeremiah62@example.com,6245 Martin Flat,South Donald,GA,2024-08-28
49,Robert Wise,dwilson@example.net,7179 Harris View,New Rodneyberg,PW,2024-01-25
50,Kathryn Hendrix,patriciasummers@example.org,726 Ford Loop Suite 553,East Ashley,TX,2022-04-13
51,Ronald Lewis,balvarez@example.net,204 Paul Causeway,Port Jeanette,NV,2024-11-04
52,Jared Wall,georgesandoval@example.org,0822 Graham Loop,Arnoldmouth,WI,2023-12-05
53,Ian Hernandez,juliedouglas@example.net,3861 Jones Villages Apt. 109,Lake Lisa,IA,2024-06-02
54,Joseph Rocha MD,patricia68@example.org,74166 Glenn Street Apt. 306,Griffintown,SD,2022-07-08
55,Jeffrey Martinez,kerrythompson@example.net,9822 Brenda Burgs Suite 048,Reyesside,IA,2025-02-07
56,Amber Mcdaniel,tammy60@example.com,594 Vargas Fall Apt. 393,East Bradleyside,NM,2022-05-16
57,Jeffery Ramirez,xfranklin@example.org,158 Perez Ports Suite 990,Savageview,UT,2025-08-28
58,Courtney Anderson,michealjohnson@example.com,1403 Marshall Junction Suite 506,Matthewborough,KS,2023-11-10
59,Matthew Chambers,elizabeth81@example.net,35892 Eric Estate,Port Melissaview,LA,2024-12-22
60,Mark Robinson,robert88@example.org,202 Jennifer Roads,Navarroshire,HI,2024-03-31
61,Alicia Taylor,gstevenson@example.com,7626 Carpenter Pass,Stevenview,CO,2022-07-08
62,David Garcia,calebherrera@example.org,9664 Norris Brook Apt. 175,East Billy,NY,2025-02-05
63,Michael Lopez,john43@example.net,785 Moore Rest Suite 629,Port Amandatown,WA,2023-05-03
64,Sierra Dudley,nathanielmartinez@example.net,304 John Courts Apt. 892,New Gabrielview,GU,2024-05-16
65,Gabriel Huber,brookejones@example.net,430 Anderson Mountain,East Ellen,WY,2023-05-28
66,Michael Brown,meadowsstephanie@example.com,442 Christopher Ridge,West Carlos,KY,2025-04-12
67,Michael Kirby,diane83@example.org,6300 Skinner Row,West Charlestown,ND,2023-03-07
68,Sabrina Bryan,torressusan@example.org,7000 Jackson Rapid Apt. 975,Nancyland,PA,2023-01-24
69,Michelle Martinez,melissagonzalez@example.net,716 Jenkins Valley,West Michelle,FL,2023-11-28
70,Jean Carpenter,markmartinez@example.net,712 Morgan Prairie Apt. 536,Angelashire,FM,2025-06-14
71,Amanda Keller,darrellanderson@example.net,5186 Samuel Circle Apt. 773,North Amyhaven,NM,2021-12-22
72,Michael Myers,lejames@example.com,4571 Elizabeth Expressway,Roseview,CA,2022-05-07
73,Jennifer Thompson,thompsongeorge@example.org,59607 Martin Curve Apt. 081,New Colinside,NC,2022-12-19
74,Michael Gonzales,dbryant@example.net,93940 Rowland Shoal,West Kathychester,SC,2022-06-04
75,Tyler Perez,ucasey@example.org,695 Whitney Light Suite 105,West Theresa,NJ,2024-10-06
76,Brianna Reyes,david40@example.org,5060 Jacob Forge Suite 212,New Adamside,KS,2025-02-18
77,Lauren Ruiz,fjones@example.org,17988 Hogan Route Suite 930,New Joseph,MT,2022-11-27
78,Alicia Daniels DDS,vlyons@example.org,34049 Sanchez Course Apt. 816,Bergerville,MI,2023-10-21
79,Justin Case,vincentpeck@example.org,43834 Campbell Crescent Apt. 312,Crystaltown,NC,2024-12-03
80,Ann Sanchez,brittany34@example.com,23170 Patricia Radial,Lake Benjaminmouth,MP,2023-11-28
81,Mark Cabrera,pwoods@example.net,5637 Elizabeth Groves,Fosterport,SC,2025-02-08
82,David Murray,courtney93@example.net,91726 Wilcox Lakes,East Stephanieville,DC,2023-10-06
83,Shannon Shepherd,erickim@example.com,24210 Beck Station,Buckchester,AS,2024-06-21
84,Darren Boone,scottmichael@example.org,539 Walters Roads,New David,NE,2023-11-01
85,Laura Hayes,hoffmanjoshua@example.net,17502 Salinas Parks,Derekborough,WA,2023-12-26
86,Kelli Phillips,grobinson@example.org,373 Amy Mews Suite 488,Chasestad,FL,2024-09-29
87,Dawn Miller,qpayne@example.net,70018 Robert Plain Apt. 495,Timothyborough,NJ,2021-11-15
88,Debra Kelly,norrischarles@example.net,87123 Elizabeth Stream Suite 181,Port Hollymouth,PR,2025-06-04
89,Stephen Cox,bknight@example.net,9894 Rogers Expressway Suite 564,Deleonchester,LA,2024-04-21
90,Cynthia Gonzalez,wardkatie@example.com,3737 Lara Courts Suite 318,Montgomeryfurt,CT,2023-02-05
91,Joshua Simmons,uharris@example.com,180 Tim Way Apt. 187,Morganmouth,PA,2025-08-13
92,Jonathan Dominguez,fernando14@example.com,7258 Laura Stravenue,Zacharyborough,OK,2024-07-25
93,Dr. Angela Skinner,phillipsfaith@example.com,3825 Ellis Estate Apt. 839,Jerryville,CO,2024-12-01
94,Jeffrey Ross,lindahernandez@example.org,9754 Heather Alley Apt. 591,Jennabury,VT,2025-01-03
95,Robert Lopez,johnfloyd@example.net,583 Adams Courts Suite 319,Port Raymondfurt,WA,2022-07-15
96,Jeffrey Spencer,pmiller@example.org,56945 Gross Station,Duranburgh,CT,2024-11-13
97,Mariah Miller,perezdenise@example.com,1875 Maria Court Apt. 867,Lake Tonya,MD,2021-10-09
98,Sandra Norris,turnerrebecca@example.net,20518 Jessica Curve,West Dawn,CA,2023-08-26
99,John Dalton,brianfarmer@example.com,594 Karen Causeway Apt. 859,New Kristina,WY,2023-07-10
100,Steven Ford,mike66@example.net,278 Owens Village Suite 990,Seanland,VI,2025-04-09
101,Tina Martinez,melissa50@example.net,76521 Anthony Village Suite 738,Williamburgh,UT,2023-04-02
102,Joseph Sharp,qmorris@example.org,2998 Williams Fort,North Raymond,IA,2023-01-24
103,Ashley Calderon,seanlee@example.net,883 Hayden Fields Apt. 276,Lake Justin,SC,2022-04-14
104,Meredith Garcia,bmorrison@example.com,993 Reynolds Loaf,Kelleyfurt,ME,2024-11-07
105,Emily Green,wreynolds@example.net,9617 Randall Port Suite 267,East Josephberg,FM,2024-07-07
106,Diana Shepard,kyleburgess@example.org,07136 Mills Wells,New Michaelfurt,MS,2022-12-03
107,Ryan Scott,smitherin@example.org,881 Amanda Centers Suite 837,Garrettland,ME,2025-09-22
108,Caitlin Waller,richard02@example.com,40030 Christopher Drive,East Katherine,DC,2025-03-10
109,Brenda Good,john70@example.net,593 Stone Plains,Samanthaburgh,CO,2023-02-14
110,Bradley Roberson,michael55@example.org,0391 Pearson Walks Apt. 319,Bishopfurt,AL,2024-04-21
111,Jennifer Mahoney,andrew06@example.com,3362 Matthew Meadow,East Jacqueline,IN,2022-10-25
112,Amanda Arnold,kentdarren@example.com,0216 Hall Loop Suite 944,Josephberg,AS,2024-01-10
113,Heidi Ryan,annemoore@example.org,098 Hernandez Hill Suite 087,Georgestad,ID,2022-09-02
114,Kathy Smith,valerievazquez@example.net,41051 Erickson Station Suite 585,North Scott,AL,2023-04-21
115,Stephanie Chavez,tpowell@example.org,66109 Fernandez Pines Suite 778,Morganton,NJ,2023-01-24
116,Theresa Flowers,adamconley@example.org,10535 Ward Prairie,Howechester,AZ,2024-09-05
117,Kristy Gill,hicksdanielle@example.net,5462 Anne Corner,Mendezstad,VA,2024-11-04
118,Emma Brown,autumn42@example.com,3870 Carr Rest,Ayersland,PW,2022-01-28
119,Frank Berg,patricia68@example.net,20512 Larson Circle,New Kenneth,IN,2022-04-18
120,Amanda Lester,deanallison@example.com,9360 Phillips Dale Suite 845,Lake Williambury,MH,2021-11-06
121,Dana Gonzalez,marshjoseph@example.org,805 Lewis Square,Port Kathleen,ID,2024-01-27
122,Jesus Barnes,bakerjason@example.org,86716 Miller Harbor,North Danielle,ID,2023-08-10
123,Kathryn Ford,patrickbrooks@example.net,66589 Lindsay Street Suite 095,Michaelland,AL,2023-08-01
124,Connie Wiggins,hernandezjennifer@example.com,50709 Kelly Forge,Port Carolyn,TX,2021-10-15
125,Angela Munoz,apierce@example.net,4281 Courtney River Apt. 869,Nicholsonshire,MI,2025-05-08
126,Derrick Simpson,medinaraymond@example.net,5505 Diane Island Apt. 091,Robinsonberg,DC,2023-11-22
127,Joseph Li,gcardenas@example.org,9313 Kathy Light Apt. 691,Chambersville,NH,2024-11-23
128,Sandra Foster,christophertucker@example.org,95663 Greg Circles Apt. 394,East Karamouth,PR,2023-01-21
129,Jose Vasquez,lmason@example.com,65365 Williamson Throughway Suite 659,Flemingfort,IA,2024-03-08
130,Kimberly Jenkins,vfranco@example.com,8629 Payne Forge Suite 737,Cathyland,NE,2022-12-18
131,Joseph Diaz,humphreyalicia@example.net,59594 Parker Bypass,Underwoodton,KS,2023-11-15
132,Joanna Ramirez,jamesandrew@example.com,421 Alex Inlet Apt. 130,Dyerland,WV,2022-04-17
133,Martin Matthews,carsonbenjamin@example.com,092 Lance Tunnel Apt. 858,Linside,NH,2023-08-31
134,Mark Collins,callahannatalie@example.org,0484 Jonathan Corner Apt. 697,Nancychester,KY,2022-09-30
135,Cassidy Ruiz,wreyes@example.com,3277 Tara Stream Apt. 597,Martinezton,PW,2022-03-28
136,James Lewis,mtaylor@example.net,2662 Conrad Freeway Suite 382,North Lindsayfurt,VI,2024-08-27
137,Rhonda Rodgers,mary85@example.org,213 Phillips Grove Suite 094,Rodrigueztown,VA,2023-08-31
138,Jonathan Martinez,emilyhaney@example.org,1899 Brian Fork Apt. 516,Kevinmouth,WI,2022-06-30
139,James Black,coreyfreeman@example.org,57675 Gray Rapid,Sheltontown,HI,2024-02-16
140,Erica Martinez,richardhess@example.com,633 Schultz Plains,North Matthew,RI,2022-12-08
141,Gabriella Reyes,cruzpaul@example.org,9889 Davis Haven Suite 510,Port Christopher,NE,2024-03-22
142,Darryl Johnson,johnny89@example.net,521 Robert Lodge Apt. 093,North David,PA,2025-09-19
143,Haley Elliott,nicholasclayton@example.com,696 Brown Circles,Morganmouth,NE,2025-07-30
144,Sara Montgomery,millernathan@example.org,9131 Curry Hills Apt. 565,Port Jennifer,NY,2024-12-14
145,Scott Rios,ibeasley@example.net,175 Wright Creek Suite 759,Guzmanburgh,NV,2024-04-23
146,Carrie Clarke,crichardson@example.com,51757 Matthews Brooks Suite 851,North Nicoleville,AS,2021-12-11
147,Cameron Guzman,brandoneaton@example.org,778 Riley Trace,Dylanburgh,CO,2024-07-01
148,Amy Allen,stacy86@example.org,43117 Sherry Square,Lake Joseshire,GA,2022-02-28
149,John Baker,karen21@example.net,364 Schwartz Square,Allenhaven,IL,2025-01-06
150,Candice Gonzales,annahorn@example.com,3287 Brittany Square,South Brett,MO,2021-11-22
